04,,,,\\alice\DC更新用\!更新済み\2024更新済み\01\04\04,2024/01/04
05,,,,\\alice\DC更新用\!更新済み\2024更新済み\01\05\05,2024/01/05
09,,,,\\alice\DC更新用\!更新済み\2024更新済み\01\09\09,2024/01/09
11,,,,\\alice\DC更新用\!更新済み\2024更新済み\01\11\11,2024/01/11
12,,,,\\alice\DC更新用\!更新済み\2024更新済み\01\12\12,2024/01/12
16,,,,\\alice\DC更新用\!更新済み\2024更新済み\01\16\16,2024/01/16
17,,,,\\alice\DC更新用\!更新済み\2024更新済み\01\17\17,2024/01/17
18,,,,\\alice\DC更新用\!更新済み\2024更新済み\01\18\18,2024/01/18
18_緊急,,,,\\alice\DC更新用\!更新済み\2024更新済み\01\18_緊急\18_緊急,2024/01/18_緊急
19,,,,\\alice\DC更新用\!更新済み\2024更新済み\01\19\19,2024/01/19
20,,,,\\alice\DC更新用\!更新済み\2024更新済み\01\20\20,2024/01/20
22,,,,\\alice\DC更新用\!更新済み\2024更新済み\01\22\22,2024/01/22
23,,,,\\alice\DC更新用\!更新済み\2024更新済み\01\23\23,2024/01/23
24,,,,\\alice\DC更新用\!更新済み\2024更新済み\01\24\24,2024/01/24
25,,,,\\alice\DC更新用\!更新済み\2024更新済み\01\25\25,2024/01/25
26,,,,\\alice\DC更新用\!更新済み\2024更新済み\01\26\26,2024/01/26
30,,,,\\alice\DC更新用\!更新済み\2024更新済み\01\30\30,2024/01/30
31,,,,\\alice\DC更新用\!更新済み\2024更新済み\01\31\31,2024/01/31
01,,,,\\alice\DC更新用\!更新済み\2024更新済み\02\01\01,2024/02/01
02,,,,\\alice\DC更新用\!更新済み\2024更新済み\02\02\02,2024/02/02
06,,,,\\alice\DC更新用\!更新済み\2024更新済み\02\06\06,2024/02/06
08,,,,\\alice\DC更新用\!更新済み\2024更新済み\02\08\08,2024/02/08
09,,,,\\alice\DC更新用\!更新済み\2024更新済み\02\09\09,2024/02/09
13_日中,,,,\\alice\DC更新用\!更新済み\2024更新済み\02\13_日中\13_日中,2024/02/13_日中
13_時間外,,,,\\alice\DC更新用\!更新済み\2024更新済み\02\13_時間外\13_時間外,2024/02/13_時間外
15_日中,,,,\\alice\DC更新用\!更新済み\2024更新済み\02\15_日中\15_日中,2024/02/15_日中
15_時間外,,,,\\alice\DC更新用\!更新済み\2024更新済み\02\15_時間外\15_時間外,2024/02/15_時間外
16_日中,,,,\\alice\DC更新用\!更新済み\2024更新済み\02\16_日中\16_日中,2024/02/16_日中
16_時間外,,,,\\alice\DC更新用\!更新済み\2024更新済み\02\16_時間外\16_時間外,2024/02/16_時間外
20_日中,,,,\\alice\DC更新用\!更新済み\2024更新済み\02\20_日中\20_日中,2024/02/20_日中
20_時間外,,,,\\alice\DC更新用\!更新済み\2024更新済み\02\20_時間外\20_時間外,2024/02/20_時間外
22_日中,,,,\\alice\DC更新用\!更新済み\2024更新済み\02\22_日中\22_日中,2024/02/22_日中
22_時間外,,,,\\alice\DC更新用\!更新済み\2024更新済み\02\22_時間外\22_時間外,2024/02/22_時間外
26_日中,,,,\\alice\DC更新用\!更新済み\2024更新済み\02\26_日中\26_日中,2024/02/26_日中
26_時間外,,,,\\alice\DC更新用\!更新済み\2024更新済み\02\26_時間外\26_時間外,2024/02/26_時間外
27_日中,,,,\\alice\DC更新用\!更新済み\2024更新済み\02\27_日中\27_日中,2024/02/27_日中
27_時間外,,,,\\alice\DC更新用\!更新済み\2024更新済み\02\27_時間外\27_時間外,2024/02/27_時間外
28_日中_緊急更新,,,,\\alice\DC更新用\!更新済み\2024更新済み\02\28_日中_緊急更新\28_日中_緊急更新,2024/02/28_日中_緊急更新
29_日中,,,,\\alice\DC更新用\!更新済み\2024更新済み\02\29_日中\29_日中,2024/02/29_日中
29_時間外,,,,\\alice\DC更新用\!更新済み\2024更新済み\02\29_時間外\29_時間外,2024/02/29_時間外
01,,,,\\alice\DC更新用\!更新済み\2024更新済み\03\01\01,2024/03/01
0312_時間外,,,,\\alice\DC更新用\!更新済み\2024更新済み\03\0312_時間外\0312_時間外,2024/03/0312_時間外
0313_日中,,,,\\alice\DC更新用\!更新済み\2024更新済み\03\0313_日中\0313_日中,2024/03/0313_日中
0314_日中,,,,\\alice\DC更新用\!更新済み\2024更新済み\03\0314_日中\0314_日中,2024/03/0314_日中
0314_時間外,,,,\\alice\DC更新用\!更新済み\2024更新済み\03\0314_時間外\0314_時間外,2024/03/0314_時間外
0315_日中,,,,\\alice\DC更新用\!更新済み\2024更新済み\03\0315_日中\0315_日中,2024/03/0315_日中
0315_時間外,,,,\\alice\DC更新用\!更新済み\2024更新済み\03\0315_時間外\0315_時間外,2024/03/0315_時間外
0318_日中,,,,\\alice\DC更新用\!更新済み\2024更新済み\03\0318_日中\0318_日中,2024/03/0318_日中
0319_日中,,,,\\alice\DC更新用\!更新済み\2024更新済み\03\0319_日中\0319_日中,2024/03/0319_日中
0319_時間外,,,,\\alice\DC更新用\!更新済み\2024更新済み\03\0319_時間外\0319_時間外,2024/03/0319_時間外
0320_日中,,,,\\alice\DC更新用\!更新済み\2024更新済み\03\0320_日中\0320_日中,2024/03/0320_日中
0321_日中,,,,\\alice\DC更新用\!更新済み\2024更新済み\03\0321_日中\0321_日中,2024/03/0321_日中
0321_時間外,,,,\\alice\DC更新用\!更新済み\2024更新済み\03\0321_時間外\0321_時間外,2024/03/0321_時間外
0322_日中,,,,\\alice\DC更新用\!更新済み\2024更新済み\03\0322_日中\0322_日中,2024/03/0322_日中
0322_時間外,,,,\\alice\DC更新用\!更新済み\2024更新済み\03\0322_時間外\0322_時間外,2024/03/0322_時間外
0325_日中,,,,\\alice\DC更新用\!更新済み\2024更新済み\03\0325_日中\0325_日中,2024/03/0325_日中
0325_時間外,,,,\\alice\DC更新用\!更新済み\2024更新済み\03\0325_時間外\0325_時間外,2024/03/0325_時間外
0325_朝,,,,\\alice\DC更新用\!更新済み\2024更新済み\03\0325_朝\0325_朝,2024/03/0325_朝
0326_日中,,,,\\alice\DC更新用\!更新済み\2024更新済み\03\0326_日中\0326_日中,2024/03/0326_日中
0326_時間外,,,,\\alice\DC更新用\!更新済み\2024更新済み\03\0326_時間外\0326_時間外,2024/03/0326_時間外
0327_日中,,,,\\alice\DC更新用\!更新済み\2024更新済み\03\0327_日中\0327_日中,2024/03/0327_日中
0328_日中,,,,\\alice\DC更新用\!更新済み\2024更新済み\03\0328_日中\0328_日中,2024/03/0328_日中
0328_時間外,,,,\\alice\DC更新用\!更新済み\2024更新済み\03\0328_時間外\0328_時間外,2024/03/0328_時間外
0329_日中,,,,\\alice\DC更新用\!更新済み\2024更新済み\03\0329_日中\0329_日中,2024/03/0329_日中
0329_時間外,,,,\\alice\DC更新用\!更新済み\2024更新済み\03\0329_時間外\0329_時間外,2024/03/0329_時間外
05_日中,,,,\\alice\DC更新用\!更新済み\2024更新済み\03\05_日中\05_日中,2024/03/05_日中
05_時間外,,,,\\alice\DC更新用\!更新済み\2024更新済み\03\05_時間外\05_時間外,2024/03/05_時間外
07_日中,,,,\\alice\DC更新用\!更新済み\2024更新済み\03\07_日中\07_日中,2024/03/07_日中
07時間外,,,,\\alice\DC更新用\!更新済み\2024更新済み\03\07時間外\07時間外,2024/03/07時間外
08,,,,\\alice\DC更新用\!更新済み\2024更新済み\03\08\08,2024/03/08
12_日中,,,,\\alice\DC更新用\!更新済み\2024更新済み\03\12_日中\12_日中,2024/03/12_日中
13_緊急,,,,\\alice\DC更新用\!更新済み\2024更新済み\03\13_緊急\13_緊急,2024/03/13_緊急
0401_緊急,,,,\\alice\DC更新用\!更新済み\2024更新済み\04\0401_緊急\0401_緊急,2024/04/0401_緊急
0403_時間外,,,,\\alice\DC更新用\!更新済み\2024更新済み\04\0403_時間外\0403_時間外,2024/04/0403_時間外
0404_日中,,,,\\alice\DC更新用\!更新済み\2024更新済み\04\0404_日中\0404_日中,2024/04/0404_日中
0404_時間外,,,,\\alice\DC更新用\!更新済み\2024更新済み\04\0404_時間外\0404_時間外,2024/04/0404_時間外
0405_時間外,,,,\\alice\DC更新用\!更新済み\2024更新済み\04\0405_時間外\0405_時間外,2024/04/0405_時間外
0405_緊急,,,,\\alice\DC更新用\!更新済み\2024更新済み\04\0405_緊急\0405_緊急,2024/04/0405_緊急
0408_時間外,,,,\\alice\DC更新用\!更新済み\2024更新済み\04\0408_時間外\0408_時間外,2024/04/0408_時間外
0409_時間外,,,,\\alice\DC更新用\!更新済み\2024更新済み\04\0409_時間外\0409_時間外,2024/04/0409_時間外
0410_時間外,,,,\\alice\DC更新用\!更新済み\2024更新済み\04\0410_時間外\0410_時間外,2024/04/0410_時間外
0411_日中,,,,\\alice\DC更新用\!更新済み\2024更新済み\04\0411_日中\0411_日中,2024/04/0411_日中
0411_時間外,,,,\\alice\DC更新用\!更新済み\2024更新済み\04\0411_時間外\0411_時間外,2024/04/0411_時間外
0412_時間外,,,,\\alice\DC更新用\!更新済み\2024更新済み\04\0412_時間外\0412_時間外,2024/04/0412_時間外
0412_緊急,,,,\\alice\DC更新用\!更新済み\2024更新済み\04\0412_緊急\0412_緊急,2024/04/0412_緊急
0415_時間外,,,,\\alice\DC更新用\!更新済み\2024更新済み\04\0415_時間外\0415_時間外,2024/04/0415_時間外
0416_時間外,,,,\\alice\DC更新用\!更新済み\2024更新済み\04\0416_時間外\0416_時間外,2024/04/0416_時間外
0418_日中,,,,\\alice\DC更新用\!更新済み\2024更新済み\04\0418_日中\0418_日中,2024/04/0418_日中
0418_時間外,,,,\\alice\DC更新用\!更新済み\2024更新済み\04\0418_時間外\0418_時間外,2024/04/0418_時間外
0418_異動承認システム_廣田が対応,,,,\\alice\DC更新用\!更新済み\2024更新済み\04\0418_異動承認システム_廣田が対応\0418_異動承認システム_廣田が対応,2024/04/0418_異動承認システム_廣田が対応
0419_時間外,,,,\\alice\DC更新用\!更新済み\2024更新済み\04\0419_時間外\0419_時間外,2024/04/0419_時間外
0423_日中,,,,\\alice\DC更新用\!更新済み\2024更新済み\04\0423_日中\0423_日中,2024/04/0423_日中
0423_時間外,,,,\\alice\DC更新用\!更新済み\2024更新済み\04\0423_時間外\0423_時間外,2024/04/0423_時間外
0425_日中,,,,\\alice\DC更新用\!更新済み\2024更新済み\04\0425_日中\0425_日中,2024/04/0425_日中
0425_時間外,,,,\\alice\DC更新用\!更新済み\2024更新済み\04\0425_時間外\0425_時間外,2024/04/0425_時間外
0426_時間外,,,,\\alice\DC更新用\!更新済み\2024更新済み\04\0426_時間外\0426_時間外,2024/04/0426_時間外
0430_日中,,,,\\alice\DC更新用\!更新済み\2024更新済み\04\0430_日中\0430_日中,2024/04/0430_日中
0430_時間外,,,,\\alice\DC更新用\!更新済み\2024更新済み\04\0430_時間外\0430_時間外,2024/04/0430_時間外
0502_時間外,,,,\\alice\DC更新用\!更新済み\2024更新済み\05\0502_時間外\0502_時間外,2024/05/0502_時間外
0507_時間外,,,,\\alice\DC更新用\!更新済み\2024更新済み\05\0507_時間外\0507_時間外,2024/05/0507_時間外
0508_日中,,,,\\alice\DC更新用\!更新済み\2024更新済み\05\0508_日中\0508_日中,2024/05/0508_日中
0509_日中,,,,\\alice\DC更新用\!更新済み\2024更新済み\05\0509_日中\0509_日中,2024/05/0509_日中
0509_時間外,,,,\\alice\DC更新用\!更新済み\2024更新済み\05\0509_時間外\0509_時間外,2024/05/0509_時間外
0510_時間外,,,,\\alice\DC更新用\!更新済み\2024更新済み\05\0510_時間外\0510_時間外,2024/05/0510_時間外
0513_時間外,,,,\\alice\DC更新用\!更新済み\2024更新済み\05\0513_時間外\0513_時間外,2024/05/0513_時間外
0514_時間外,,,,\\alice\DC更新用\!更新済み\2024更新済み\05\0514_時間外\0514_時間外,2024/05/0514_時間外
0516_時間外,,,,\\alice\DC更新用\!更新済み\2024更新済み\05\0516_時間外\0516_時間外,2024/05/0516_時間外
0517_更新完了,,,,\\alice\DC更新用\!更新済み\2024更新済み\05\0517_更新完了\0517_更新完了,2024/05/0517_更新完了
0521_日中,,,,\\alice\DC更新用\!更新済み\2024更新済み\05\0521_日中\0521_日中,2024/05/0521_日中
0521_時間外,,,,\\alice\DC更新用\!更新済み\2024更新済み\05\0521_時間外\0521_時間外,2024/05/0521_時間外
0522_時間外,,,,\\alice\DC更新用\!更新済み\2024更新済み\05\0522_時間外\0522_時間外,2024/05/0522_時間外
0523_時間外,,,,\\alice\DC更新用\!更新済み\2024更新済み\05\0523_時間外\0523_時間外,2024/05/0523_時間外
0524_時間外,,,,\\alice\DC更新用\!更新済み\2024更新済み\05\0524_時間外\0524_時間外,2024/05/0524_時間外
0528_時間外,,,,\\alice\DC更新用\!更新済み\2024更新済み\05\0528_時間外\0528_時間外,2024/05/0528_時間外
0530_日中,,,,\\alice\DC更新用\!更新済み\2024更新済み\05\0530_日中\0530_日中,2024/05/0530_日中
0530_時間外,,,,\\alice\DC更新用\!更新済み\2024更新済み\05\0530_時間外\0530_時間外,2024/05/0530_時間外
0531_時間外,,,,\\alice\DC更新用\!更新済み\2024更新済み\05\0531_時間外\0531_時間外,2024/05/0531_時間外
0604_日中,,,,\\alice\DC更新用\!更新済み\2024更新済み\06\0604_日中\0604_日中,2024/06/0604_日中
0604_時間外,,,,\\alice\DC更新用\!更新済み\2024更新済み\06\0604_時間外\0604_時間外,2024/06/0604_時間外
0605_日中,,,,\\alice\DC更新用\!更新済み\2024更新済み\06\0605_日中\0605_日中,2024/06/0605_日中
0605_時間外,,,,\\alice\DC更新用\!更新済み\2024更新済み\06\0605_時間外\0605_時間外,2024/06/0605_時間外
0605_緊急,,,,\\alice\DC更新用\!更新済み\2024更新済み\06\0605_緊急\0605_緊急,2024/06/0605_緊急
0606_日中,,,,\\alice\DC更新用\!更新済み\2024更新済み\06\0606_日中\0606_日中,2024/06/0606_日中
0606_時間外,,,,\\alice\DC更新用\!更新済み\2024更新済み\06\0606_時間外\0606_時間外,2024/06/0606_時間外
0607_時間外,,,,\\alice\DC更新用\!更新済み\2024更新済み\06\0607_時間外\0607_時間外,2024/06/0607_時間外
0607_時間外_緊急,,,,\\alice\DC更新用\!更新済み\2024更新済み\06\0607_時間外_緊急\0607_時間外_緊急,2024/06/0607_時間外_緊急
0610_時間外,,,,\\alice\DC更新用\!更新済み\2024更新済み\06\0610_時間外\0610_時間外,2024/06/0610_時間外
0611_時間外,,,,\\alice\DC更新用\!更新済み\2024更新済み\06\0611_時間外\0611_時間外,2024/06/0611_時間外
0612_時間外,,,,\\alice\DC更新用\!更新済み\2024更新済み\06\0612_時間外\0612_時間外,2024/06/0612_時間外
0613_日中,,,,\\alice\DC更新用\!更新済み\2024更新済み\06\0613_日中\0613_日中,2024/06/0613_日中
0613_時間外,,,,\\alice\DC更新用\!更新済み\2024更新済み\06\0613_時間外\0613_時間外,2024/06/0613_時間外
0614_時間外,,,,\\alice\DC更新用\!更新済み\2024更新済み\06\0614_時間外\0614_時間外,2024/06/0614_時間外
0618_日中,,,,\\alice\DC更新用\!更新済み\2024更新済み\06\0618_日中\0618_日中,2024/06/0618_日中
0618_時間外,,,,\\alice\DC更新用\!更新済み\2024更新済み\06\0618_時間外\0618_時間外,2024/06/0618_時間外
0620_日中,,,,\\alice\DC更新用\!更新済み\2024更新済み\06\0620_日中\0620_日中,2024/06/0620_日中
0620_時間外,,,,\\alice\DC更新用\!更新済み\2024更新済み\06\0620_時間外\0620_時間外,2024/06/0620_時間外
0621_時間外,,,,\\alice\DC更新用\!更新済み\2024更新済み\06\0621_時間外\0621_時間外,2024/06/0621_時間外
0624_緊急,,,,\\alice\DC更新用\!更新済み\2024更新済み\06\0624_緊急\0624_緊急,2024/06/0624_緊急
0625_時間外,,,,\\alice\DC更新用\!更新済み\2024更新済み\06\0625_時間外\0625_時間外,2024/06/0625_時間外
0627_日中,,,,\\alice\DC更新用\!更新済み\2024更新済み\06\0627_日中\0627_日中,2024/06/0627_日中
0627_時間外,,,,\\alice\DC更新用\!更新済み\2024更新済み\06\0627_時間外\0627_時間外,2024/06/0627_時間外
0628_時間外,,,,\\alice\DC更新用\!更新済み\2024更新済み\06\0628_時間外\0628_時間外,2024/06/0628_時間外
0701_緊急,,,,\\alice\DC更新用\!更新済み\2024更新済み\07\0701_緊急\0701_緊急,2024/07/0701_緊急
0702_時間外,,,,\\alice\DC更新用\!更新済み\2024更新済み\07\0702_時間外\0702_時間外,2024/07/0702_時間外
0703_時間外,,,,\\alice\DC更新用\!更新済み\2024更新済み\07\0703_時間外\0703_時間外,2024/07/0703_時間外
0704_時間外,,,,\\alice\DC更新用\!更新済み\2024更新済み\07\0704_時間外\0704_時間外,2024/07/0704_時間外
0705_時間外,,,,\\alice\DC更新用\!更新済み\2024更新済み\07\0705_時間外\0705_時間外,2024/07/0705_時間外
0708_時間外,,,,\\alice\DC更新用\!更新済み\2024更新済み\07\0708_時間外\0708_時間外,2024/07/0708_時間外
0709_時間外,,,,\\alice\DC更新用\!更新済み\2024更新済み\07\0709_時間外\0709_時間外,2024/07/0709_時間外
0711_時間外,,,,\\alice\DC更新用\!更新済み\2024更新済み\07\0711_時間外\0711_時間外,2024/07/0711_時間外
0712_時間外,,,,\\alice\DC更新用\!更新済み\2024更新済み\07\0712_時間外\0712_時間外,2024/07/0712_時間外
0716_時間外,,,,\\alice\DC更新用\!更新済み\2024更新済み\07\0716_時間外\0716_時間外,2024/07/0716_時間外
0717_時間外,,,,\\alice\DC更新用\!更新済み\2024更新済み\07\0717_時間外\0717_時間外,2024/07/0717_時間外
0718_時間外,,,,\\alice\DC更新用\!更新済み\2024更新済み\07\0718_時間外\0718_時間外,2024/07/0718_時間外
0718_緊急,,,,\\alice\DC更新用\!更新済み\2024更新済み\07\0718_緊急\0718_緊急,2024/07/0718_緊急
0719_時間外,,,,\\alice\DC更新用\!更新済み\2024更新済み\07\0719_時間外\0719_時間外,2024/07/0719_時間外
0723_時間外,,,,\\alice\DC更新用\!更新済み\2024更新済み\07\0723_時間外\0723_時間外,2024/07/0723_時間外
0723_緊急,,,,\\alice\DC更新用\!更新済み\2024更新済み\07\0723_緊急\0723_緊急,2024/07/0723_緊急
0725_時間外_更新済み,,,,\\alice\DC更新用\!更新済み\2024更新済み\07\0725_時間外_更新済み\0725_時間外_更新済み,2024/07/0725_時間外_更新済み
0726_時間外_更新済み,,,,\\alice\DC更新用\!更新済み\2024更新済み\07\0726_時間外_更新済み\0726_時間外_更新済み,2024/07/0726_時間外_更新済み
0726_緊急,,,,\\alice\DC更新用\!更新済み\2024更新済み\07\0726_緊急\0726_緊急,2024/07/0726_緊急
0729_時間外,,,,\\alice\DC更新用\!更新済み\2024更新済み\07\0729_時間外\0729_時間外,2024/07/0729_時間外
0730_時間外,,,,\\alice\DC更新用\!更新済み\2024更新済み\07\0730_時間外\0730_時間外,2024/07/0730_時間外
0731_時間外,,,,\\alice\DC更新用\!更新済み\2024更新済み\07\0731_時間外\0731_時間外,2024/07/0731_時間外
0801_時間外,,,,\\alice\DC更新用\!更新済み\2024更新済み\08\0801_時間外\0801_時間外,2024/08/0801_時間外
0802_時間外,,,,\\alice\DC更新用\!更新済み\2024更新済み\08\0802_時間外\0802_時間外,2024/08/0802_時間外
0806_時間外,,,,\\alice\DC更新用\!更新済み\2024更新済み\08\0806_時間外\0806_時間外,2024/08/0806_時間外
0808_日中,,,,\\alice\DC更新用\!更新済み\2024更新済み\08\0808_日中\0808_日中,2024/08/0808_日中
0808_時間外,,,,\\alice\DC更新用\!更新済み\2024更新済み\08\0808_時間外\0808_時間外,2024/08/0808_時間外
0813_時間外,,,,\\alice\DC更新用\!更新済み\2024更新済み\08\0813_時間外\0813_時間外,2024/08/0813_時間外
0815_時間外,,,,\\alice\DC更新用\!更新済み\2024更新済み\08\0815_時間外\0815_時間外,2024/08/0815_時間外
0815_時間外_廣田対応分,,,,\\alice\DC更新用\!更新済み\2024更新済み\08\0815_時間外_廣田対応分\0815_時間外_廣田対応分,2024/08/0815_時間外_廣田対応分
0816_時間外,,,,\\alice\DC更新用\!更新済み\2024更新済み\08\0816_時間外\0816_時間外,2024/08/0816_時間外
0820_時間外,,,,\\alice\DC更新用\!更新済み\2024更新済み\08\0820_時間外\0820_時間外,2024/08/0820_時間外
0822_時間外,,,,\\alice\DC更新用\!更新済み\2024更新済み\08\0822_時間外\0822_時間外,2024/08/0822_時間外
0823_時間外,,,,\\alice\DC更新用\!更新済み\2024更新済み\08\0823_時間外\0823_時間外,2024/08/0823_時間外
0827_時間外,,,,\\alice\DC更新用\!更新済み\2024更新済み\08\0827_時間外\0827_時間外,2024/08/0827_時間外
0828_時間外,,,,\\alice\DC更新用\!更新済み\2024更新済み\08\0828_時間外\0828_時間外,2024/08/0828_時間外
0830_時間外,,,,\\alice\DC更新用\!更新済み\2024更新済み\08\0830_時間外\0830_時間外,2024/08/0830_時間外
0830_緊急,,,,\\alice\DC更新用\!更新済み\2024更新済み\08\0830_緊急\0830_緊急,2024/08/0830_緊急
0902_時間外,,,,\\alice\DC更新用\!更新済み\2024更新済み\09\0902_時間外\0902_時間外,2024/09/0902_時間外
0903_時間外,,,,\\alice\DC更新用\!更新済み\2024更新済み\09\0903_時間外\0903_時間外,2024/09/0903_時間外
0903_緊急,,,,\\alice\DC更新用\!更新済み\2024更新済み\09\0903_緊急\0903_緊急,2024/09/0903_緊急
0906_時間外,,,,\\alice\DC更新用\!更新済み\2024更新済み\09\0906_時間外\0906_時間外,2024/09/0906_時間外
0910_時間外,,,,\\alice\DC更新用\!更新済み\2024更新済み\09\0910_時間外\0910_時間外,2024/09/0910_時間外
0911_時間外,,,,\\alice\DC更新用\!更新済み\2024更新済み\09\0911_時間外\0911_時間外,2024/09/0911_時間外
0912_時間外,,,,\\alice\DC更新用\!更新済み\2024更新済み\09\0912_時間外\0912_時間外,2024/09/0912_時間外
0917_時間外,,,,\\alice\DC更新用\!更新済み\2024更新済み\09\0917_時間外\0917_時間外,2024/09/0917_時間外
0919_時間外,,,,\\alice\DC更新用\!更新済み\2024更新済み\09\0919_時間外\0919_時間外,2024/09/0919_時間外
0924_時間外,,,,\\alice\DC更新用\!更新済み\2024更新済み\09\0924_時間外\0924_時間外,2024/09/0924_時間外
0927_時間外,,,,\\alice\DC更新用\!更新済み\2024更新済み\09\0927_時間外\0927_時間外,2024/09/0927_時間外
0930_時間外,,,,\\alice\DC更新用\!更新済み\2024更新済み\09\0930_時間外\0930_時間外,2024/09/0930_時間外
1001_時間外,,,,\\alice\DC更新用\!更新済み\2024更新済み\10\1001_時間外\1001_時間外,2024/10/1001_時間外
1002_時間外,,,,\\alice\DC更新用\!更新済み\2024更新済み\10\1002_時間外\1002_時間外,2024/10/1002_時間外
1008_日中,,,,\\alice\DC更新用\!更新済み\2024更新済み\10\1008_日中\1008_日中,2024/10/1008_日中
1008_時間外,,,,\\alice\DC更新用\!更新済み\2024更新済み\10\1008_時間外\1008_時間外,2024/10/1008_時間外
1010_時間外,,,,\\alice\DC更新用\!更新済み\2024更新済み\10\1010_時間外\1010_時間外,2024/10/1010_時間外
1015_時間外,,,,\\alice\DC更新用\!更新済み\2024更新済み\10\1015_時間外\1015_時間外,2024/10/1015_時間外
1017_時間外,,,,\\alice\DC更新用\!更新済み\2024更新済み\10\1017_時間外\1017_時間外,2024/10/1017_時間外
1018_時間外,,,,\\alice\DC更新用\!更新済み\2024更新済み\10\1018_時間外\1018_時間外,2024/10/1018_時間外
1022_時間外,,,,\\alice\DC更新用\!更新済み\2024更新済み\10\1022_時間外\1022_時間外,2024/10/1022_時間外
1023_日中,,,,\\alice\DC更新用\!更新済み\2024更新済み\10\1023_日中\1023_日中,2024/10/1023_日中
1025_時間外,,,,\\alice\DC更新用\!更新済み\2024更新済み\10\1025_時間外\1025_時間外,2024/10/1025_時間外
1031_時間外,,,,\\alice\DC更新用\!更新済み\2024更新済み\10\1031_時間外\1031_時間外,2024/10/1031_時間外
1101_時間外,,,,\\alice\DC更新用\!更新済み\2024更新済み\11\1101_時間外\1101_時間外,2024/11/1101_時間外
1105_時間外,,,,\\alice\DC更新用\!更新済み\2024更新済み\11\1105_時間外\1105_時間外,2024/11/1105_時間外
