01-01,01-1-1.png
01-01,01-1-2.png
01-01,01-1-3.png
01-01,01-1-4.png
01-01,01-1-5.png
01-02,01-2-1.png
01-02,01-2-2.png
01-03,01-3-1.png
01-03,01-3-2.png
01-06,写真 1.jpg
01-06,写真 2.jpg
01-06,写真 3.jpg
01-07,写真 1.jpg
01-08,写真 1.jpg
01-08,写真 2.jpg
01-08,写真 3.jpg
01-09,写真 1.jpg
01-09,写真 2.jpg
01-09,写真 3.jpg
01-09,写真 4.jpg
01-10,写真 1.jpg
01-10,写真 2.jpg
01-10,写真 3.jpg
01-10,写真 4.jpg
01-10,写真 5.jpg
02-01,屋子母02-1_IMG_8991.jpg
02-01,屋子母02-1_IMG_8992.jpg
02-02,屋子母02-2_IMG_8993.jpg
02-02,屋子母02-2_IMG_8994.jpg
02-02,屋子母02-2_IMG_8995.jpg
02-02,屋子母02-2_IMG_8996.jpg
02-02,屋子母02-2_IMG_8997.jpg
02-03,屋子母02-3_IMG_8998.jpg
02-03,屋子母02-3_IMG_8999.jpg
02-03,屋子母02-3_IMG_9001.jpg
02-04,屋子母02-4_IMG_9002.jpg
02-04,屋子母02-4_IMG_9005.jpg
02-06,屋子母02-6_IMG_9006.jpg
02-06,屋子母02-6_IMG_9007.jpg
02-06,屋子母02-6_IMG_9008.jpg
02-07,屋子母02-7_IMG_9235.jpg
02-07,屋子母02-7_IMG_9236.jpg
02-07,屋子母02-7_IMG_9237.jpg
02-07,屋子母02-7_IMG_9238.jpg
02-07,屋子母02-7_IMG_9239.jpg
02-07,屋子母02-7_IMG_9240.jpg
02-08,屋子母02-8_IMG_9241.jpg
02-08,屋子母02-8_IMG_9242.jpg
02-09,屋子母02-9_IMG_9243.jpg
02-10,屋子母02-10_IMG_9009.jpg
02-10,屋子母02-10_IMG_9010.jpg
02-10,屋子母02-10_IMG_9011.jpg
02-11,屋子母02-11_IMG_9012.jpg
02-12,屋子母02-12_IMG_9247.jpg
02-12,屋子母02-12_IMG_9248.jpg
02-13,屋子母02-13_IMG_9014.jpg
02-14,屋子母02-14_IMG_9253.jpg
02-14,屋子母02-14_IMG_9254.jpg
02-15,屋子母02-15_IMG_9271.jpg
02-15,屋子母02-15_IMG_9272.jpg
02-15,屋子母02-15_IMG_9273.jpg
02-15,屋子母02-15_IMG_9274.jpg
02-15,屋子母02-15_IMG_9275.jpg
02-16,屋子母02-16_IMG_9249.jpg
02-16,屋子母02-16_IMG_9250.jpg
02-16,屋子母02-16_IMG_9251.jpg
02-16,屋子母02-16_IMG_9252.jpg
02-18,屋子母02-18_IMG_9267.jpg
02-18,屋子母02-18_IMG_9268.jpg
02-18,屋子母02-18_IMG_9269.jpg
02-18,屋子母02-18_IMG_9270.jpg
02-19,写真 10.jpg
02-19,写真 5.jpg
02-19,写真 6.jpg
02-19,写真 7.jpg
02-19,写真 8.jpg
02-19,写真 9.jpg
02-20,写真 1.jpg
02-21,屋子母02-21_IMG_9263.jpg
02-21,屋子母02-21_IMG_9264.jpg
02-21,屋子母02-21_IMG_9265.jpg
02-22,屋子母02-22_IMG_9256.jpg
02-22,屋子母02-22_IMG_9257.jpg
02-22,屋子母02-22_IMG_9258.jpg
02-22,屋子母02-22_IMG_9259.jpg
02-22,屋子母02-22_IMG_9260.jpg
02-23,屋子母02-23_IMG_9278.jpg
02-23,屋子母02-23_IMG_9279.jpg
02-23,屋子母02-23_IMG_9280.jpg
02-24,屋子母02-24_IMG_9276.jpg
02-24,屋子母02-24_IMG_9277.jpg
02-25,屋子母02-25_IMG_9281.jpg
02-25,屋子母02-25_IMG_9282.jpg
02-25,屋子母02-25_IMG_9283.jpg
02-26,写真 1.jpg
02-26,写真 2.jpg
02-27,写真 1.jpg
02-27,写真 2.jpg
02-27,写真 3.jpg
02-27,写真 4.jpg
02-28,写真 1.jpg
02-28,写真 2.jpg
03-01,写真 1.jpg
03-02,写真 2.jpg
03-03,写真 1.jpg
03-03,写真 2.jpg
03-03,写真 3.jpg
03-04,写真 1.jpg
03-05,写真 1.jpg
03-06,写真 1.jpg
03-06,写真 2.jpg
03-07,写真 1.jpg
03-08,写真 1.jpg
03-08,写真 2.jpg
03-08,写真 3.jpg
03-08,写真 4.jpg
03-09,写真 1.jpg
03-09,写真 2.jpg
03-09,写真 3.jpg
03-09,写真 4.jpg
03-09,写真 5.jpg
03-09,写真 6.jpg
03-09,写真 7.jpg
03-09,写真 8.jpg
03-09,写真 9.jpg
03-10,写真 1.jpg
03-10,写真 2.jpg
03-10,写真 3.jpg
03-11,写真 1.jpg
03-11,写真 2.jpg
03-11,写真 3.jpg
03-11,写真 4.jpg
03-12,写真 1.jpg
03-12,写真 2.jpg
03-12,写真 3.jpg
03-12,写真 4.jpg
03-12,写真 5.jpg
03-12,写真 6.jpg
03-12,写真 7.jpg
03-13,写真 1.jpg
03-13,写真 2.jpg
03-13,写真 3.jpg
03-13,写真 4.jpg
03-14,写真 1.jpg
03-14,写真 2.jpg
03-14,写真 3.jpg
03-14,写真 4.jpg
03-15,写真 1.jpg
03-16,写真 1.jpg
03-16,写真 2.jpg
03-16,写真 3.jpg
03-17,写真 1.jpg
03-17,写真 2.jpg
03-18,写真 1.jpg
03-19,写真 1.jpg
03-20,写真 1.jpg
03-20,写真 2.jpg
03-20,写真 3.jpg
03-20,写真 4.jpg
03-20,写真 5.jpg
03-20,写真 6.jpg
03-21,写真 1.jpg
03-21,写真 2.jpg
03-22,写真 1.jpg
03-22,写真 2.jpg
03-22,写真 3.jpg
04-01,写真 1.jpg
04-02,写真 1.jpg
04-03,写真 1.jpg
04-03,写真 2.jpg
04-03,写真 3.jpg
04-04,写真 1.jpg
04-04,写真 2.jpg
04-04,写真 3.jpg
04-04,写真 4.jpg
04-04,写真 5.jpg
04-04,写真 6.jpg
04-04,写真 7.jpg
04-05,写真 1.jpg
04-05,写真 2.jpg
04-05,写真 3.jpg
04-05,写真 4.jpg
04-06,写真 1.jpg
04-07,写真 1.jpg
04-07,写真 2.jpg
04-08,写真 1.jpg
04-08,写真 2.jpg
04-08,写真 3.jpg
04-08,写真 4.jpg
04-09,写真 1.jpg
04-09,写真 2.jpg
04-09,写真 3.jpg
04-09,写真 4.jpg
04-09,写真 5.jpg
04-10,写真 1.jpg
04-10,写真 2.jpg
04-10,写真 3.jpg
04-10,写真 4.jpg
04-10,写真 5.jpg
04-10,写真 6.jpg
04-10,写真 7.jpg
04-11,写真 1.jpg
04-11,写真 2.jpg
04-11,写真 3.jpg
04-11,写真 4.jpg
04-11,写真 5.jpg
04-12,写真 1.jpg
04-12,写真 2.jpg
04-12,写真 3.jpg
04-12,写真 4.jpg
04-13,IMG_8104（大）.jpeg
04-13,IMG_8106（大）.jpeg
04-13,IMG_8107（大）.jpeg
04-13,IMG_8108（大）.jpeg
04-13,IMG_8111（大）.jpeg
04-14,写真 1.jpg
04-14,写真 2.jpg
04-14,写真 3.jpg
04-16,写真 1.jpg
04-16,写真 2.jpg
04-16,写真 3.jpg
04-16,写真 4.jpg
04-16,写真 5.jpg
04-16,写真 6.jpg
04-17,写真 1.jpg
04-17,写真 2.jpg
04-17,写真 3.jpg
04-17,写真 4.jpg
05-01,写真 1.jpg
05-01,写真 2.jpg
05-01,写真 3.jpg
05-01,写真 4.jpg
05-02,写真 1.jpg
05-02,写真 2.jpg
05-02,写真 3.jpg
05-03,写真 1.jpg
05-03,写真 2.jpg
05-03,写真 3.jpg
05-03,写真 4.jpg
05-03,写真 5.jpg
05-04,写真 1.jpg
05-04,写真 10.jpg
05-04,写真 11.jpg
05-04,写真 12.jpg
05-04,写真 13.jpg
05-04,写真 14.jpg
05-04,写真 15.jpg
05-04,写真 16.jpg
05-04,写真 17.jpg
05-04,写真 18.jpg
05-04,写真 19.jpg
05-04,写真 2.jpg
05-04,写真 20.jpg
05-04,写真 21.jpg
05-04,写真 22.jpg
05-04,写真 23.jpg
05-04,写真 24.jpg
05-04,写真 25.jpg
05-04,写真 26.jpg
05-04,写真 27.jpg
05-04,写真 3.jpg
05-04,写真 4.jpg
05-04,写真 5.jpg
05-04,写真 6.jpg
05-04,写真 7.jpg
05-04,写真 8.jpg
05-04,写真 9.jpg
05-05,写真 1.jpg
05-05,写真 2.jpg
05-05,写真 3.jpg
05-05,写真 4.jpg
05-06,写真 1.jpg
05-06,写真 2.jpg
05-06,写真 3.jpg
05-08,写真 1.jpg
05-09,写真 1.jpg
05-09,写真 4.jpg
05-09,写真 5.jpg
05-10,写真 1.jpg
05-10,写真 2.jpg
05-10,写真 3.jpg
05-11,写真 1.jpg
05-11,写真 2.jpg
05-11,写真 3.jpg
05-12,写真 1.jpg
05-12,写真 2.jpg
05-12,写真 3.jpg
05-12,写真 4.jpg
05-13,写真 1.jpg
05-13,写真 2.jpg
05-14,写真 1.jpg
05-14,写真 2.jpg
05-14,写真 3.jpg
05-15,写真 1.jpg
05-15,写真 2.jpg
05-15,写真 3.jpg
05-15,写真 4.jpg
05-16,写真 1.jpg
05-16,写真 2.jpg
05-16,写真 3.jpg
05-16,写真 4.jpg
05-16,写真 5.jpg
05-16,写真 6.jpg
05-17,写真 1.jpg
05-17,写真 2.jpg
05-17,写真 3.jpg
05-17,写真 4.jpg
05-18,写真 1.jpg
05-19,写真 1.jpg
05-19,写真 2.jpg
05-19,写真 3.jpg
05-19,写真 4.jpg
05-20,写真 1.jpg
05-20,写真 2.jpg
05-20,写真 3.jpg
05-20,写真 4.jpg
05-20,写真 5.jpg
05-20,写真 6.jpg
05-20,写真 7.jpg
05-21,写真 1.jpg
05-21,写真 2.jpg
05-21,写真 4.jpg
05-21,写真 5.jpg
05-22,写真 1.jpg
05-22,写真 2.jpg
05-22,写真 3.jpg
05-22,写真 4.jpg
05-23,写真 1.jpg
05-23,写真 2.jpg
05-23,写真 3.jpg
05-23,写真 4.jpg
05-23,写真 5.jpg
05-23,写真 6.jpg
05-23,写真 7.jpg
05-23,写真 8.jpg
05-24,写真 1.jpg
05-24,写真 2.jpg
05-24,写真 3.jpg
05-24,写真 4.jpg
05-24,写真 5.jpg
05-25,写真 1.jpg
05-25,写真 2.jpg
05-27,写真 1.jpg
05-27,写真 2.jpg
05-28,写真 1.jpg
05-28,写真 2.jpg
05-28,写真 3.jpg
05-28,写真 4.jpg
05-29,写真 1.jpg
05-29,写真 2.jpg
05-29,写真 3.jpg
05-29,写真 4.jpg
05-29,写真 5.jpg
05-29,写真 6.jpg
05-29,写真 7.jpg
05-29,写真 8.jpg
05-30,写真 1.jpg
05-30,写真 2.jpg
05-30,写真 3.jpg
05-31,写真 1.jpg
05-31,写真 2.jpg
05-31,写真 3.jpg
05-32,写真 1.jpg
05-32,写真 2.jpg
05-32,写真 3.jpg
05-32,写真 4.jpg
05-32,写真 5.jpg
05-34,写真 1.jpg
05-34,写真 2.jpg
05-34,写真 3.jpg
05-34,写真 4.jpg
05-34,写真 5.jpg
05-35,写真 1.jpg
05-35,写真 10.jpg
05-35,写真 11.jpg
05-35,写真 12.jpg
05-35,写真 13.jpg
05-35,写真 14.jpg
05-35,写真 15.jpg
05-35,写真 16.jpg
05-35,写真 17.jpg
05-35,写真 18.jpg
05-35,写真 19.jpg
05-35,写真 2.jpg
05-35,写真 20.jpg
05-35,写真 21.jpg
05-35,写真 22.jpg
05-35,写真 3.jpg
05-35,写真 4.jpg
05-35,写真 5.jpg
05-35,写真 6.jpg
05-35,写真 7.jpg
05-35,写真 8.jpg
05-35,写真 9.jpg
05-36,写真 1.jpg
05-36,写真 2.jpg
05-36,写真 3.jpg
06-01,写真 1.jpg
06-01,写真 2.jpg
06-01,写真 3.jpg
06-01,写真 4.jpg
06-01,写真 5.jpg
06-02,写真 1.jpg
06-02,写真 2.jpg
06-02,写真 3.jpg
06-02,写真 4.jpg
06-03,写真 1.jpg
06-03,写真 2.jpg
06-04,写真 1.jpg
06-04,写真 2.jpg
06-04,写真 4.jpg
06-04,写真 6.jpg
06-05,写真 1.jpg
06-05,写真 2.jpg
06-05,写真 3.jpg
06-05,写真 4.jpg
06-05,写真 5.jpg
06-05,写真 6.jpg
06-06,写真 1.jpg
06-06,写真 2.jpg
06-06,写真 3.jpg
06-06,写真 4.jpg
06-06,写真 5.jpg
06-06,写真 6.jpg
06-06,写真 7.jpg
06-06,写真 8.jpg
06-07,写真 1.jpg
06-07,写真 2.jpg
06-08,写真 1.jpg
06-08,写真 2.jpg
06-08,写真 3.jpg
06-08,写真 4.jpg
06-08,写真 5.jpg
06-08,写真 6.jpg
06-08,写真 7.jpg
06-08,写真 8.jpg
06-09,写真 1.jpg
06-09,写真 2.jpg
06-09,写真 3.jpg
06-09,写真 4.jpg
06-09,写真 5.jpg
06-10,写真 1.jpg
06-10,写真 2.jpg
06-10,写真 3.jpg
06-10,写真 4.jpg
06-10,写真 5.jpg
06-10,写真 6.jpg
06-10,写真 7.jpg
06-11,写真 1.jpg
06-11,写真 2.jpg
06-12,写真 1.jpg
06-12,写真 2.jpg
06-13,写真 1.jpg
06-13,写真 2.jpg
06-13,写真 3.jpg
06-13,写真 4.jpg
06-14,写真 1.jpg
06-14,写真 2.jpg
06-14,写真 3.jpg
06-14,写真 4.jpg
06-14,写真 5.jpg
06-14,写真 6.jpg
06-14,写真 7.jpg
06-15,写真 1.jpg
06-15,写真 2.jpg
06-15,写真 3.jpg
07-01,写真 1.jpg
07-01,写真 2.jpg
07-01,写真 3.jpg
07-02,写真 1.jpg
07-03,写真 1.jpg
07-04,写真 1.jpg
07-04,写真 2.jpg
07-05,写真 1.jpg
07-05,写真 2.jpg
07-06,写真 1.jpg
07-07,写真 1.jpg
07-07,写真 2.jpg
07-07,写真 3.jpg
07-09,写真 1.jpg
07-09,写真 2.jpg
07-09,写真 3.jpg
07-10,写真 1.jpg
07-11,写真 1.jpg
07-11,写真 2.jpg
07-11,写真 3.jpg
07-12,写真 1.jpg
07-12,写真 2.jpg
07-12,写真 3.jpg
07-12,写真 4.jpg
07-13,写真 1.jpg
07-13,写真 2.jpg
07-13,写真 3.jpg
07-13,写真 4.jpg
07-13,写真 5.jpg
07-14,写真 1.jpg
07-14,写真 2.jpg
07-14,写真 3.jpg
07-14,写真 4.jpg
07-15,写真 1.jpg
07-15,写真 2.jpg
07-15,写真 3.jpg
07-15,写真 4.jpg
07-16,写真 1.jpg
07-16,写真 2.jpg
07-16,写真 3.jpg
07-17,写真 1.jpg
07-18,写真 1.jpg
07-18,写真 2.jpg
07-18,写真 3.jpg
07-18,写真 4.jpg
07-19,写真 1.jpg
07-19,写真 2.jpg
07-19,写真 3.jpg
07-20,写真 1.jpg
07-20,写真 2.jpg
07-20,写真 3.jpg
07-20,写真 4.jpg
07-20,写真 5.jpg
07-20,写真 6.jpg
07-20,写真 7.jpg
07-21,写真 1.jpg
07-21,写真 2.jpg
07-21,写真 3.jpg
07-21,写真 4.jpg
07-21,写真 5.jpg
07-22,写真 1.jpg
07-22,写真 2.jpg
07-22,写真 3.jpg
07-22,写真 4.jpg
07-22,写真 5.jpg
07-23,写真 5.jpg
07-24,写真 1.jpg
07-24,写真 2.jpg
07-24,写真 3.jpg
07-24,写真 4.jpg
07-24,写真 5.jpg
07-25,写真 1.jpg
07-25,写真 2.jpg
07-26,写真 1.jpg
07-26,写真 2.jpg
07-26,写真 3.jpg
07-26,写真 4.jpg
07-27,写真 1.jpg
07-27,写真 2.jpg
07-27,写真 3.jpg
07-28,写真 1.jpg
07-28,写真 2.jpg
07-29,写真 1.jpg
07-30,写真 1.jpg
07-30,写真 2.jpg
07-30,写真 3.jpg
07-30,写真 4.jpg
07-31,写真 1.jpg
07-32,写真 1.jpg
07-33,写真 1.jpg
07-33,写真 2.jpg
07-33,写真 3.jpg
07-33,写真 4.jpg
07-34,写真 1.jpg
07-34,写真 2.jpg
07-34,写真 3.jpg
07-34,写真 4.jpg
07-34,写真 5.jpg
07-34,写真 6.jpg
07-35,写真 1.jpg
07-35,写真 2.jpg
07-35,写真 3.jpg
07-37,写真 1.jpg
07-38,写真 1.jpg
07-38,写真 2.jpg
07-39,写真 1.jpg
07-39,写真 2.jpg
07-40,写真 1.jpg
07-40,写真 2.jpg
07-41,写真 1.jpg
07-41,写真 2.jpg
07-41,写真 3.jpg
07-41,写真 4.jpg
07-42,写真 1.jpg
07-42,写真 2.jpg
07-44,写真 1.jpg
07-45,写真 1.jpg
07-46,写真 1.jpg
07-46,写真 2.jpg
07-47,写真 1.jpg
07-47,写真 2.jpg
07-48,写真 1.jpg
07-48,写真 2.jpg
07-48,写真 3.jpg
07-48,写真 4.jpg
07-49,写真 1.jpg
07-50,写真 1.jpg
07-50,写真 2.jpg
07-50,写真 3.jpg
07-50,写真 4.jpg
07-50,写真 5.jpg
07-51,写真 1.jpg
07-51,写真 2.jpg
07-51,写真 3.jpg
07-52,写真 1.jpg
07-53,写真 1.jpg
07-53,写真 2.jpg
07-54,写真 1.jpg
07-54,写真 2.jpg
07-55,写真 1.jpg
07-56,写真 1.jpg
07-57,写真 1.jpg
07-57,写真 2.jpg
07-57,写真 3.jpg
07-58,写真 1.jpg
07-59,写真 1.jpg
07-60,写真 1.jpg
07-60,写真 2.jpg
07-61,写真 1.jpg
07-61,写真 2.jpg
07-61,写真 3.jpg
07-62,写真 1.jpg
07-62,写真 2.jpg
07-62,写真 3.jpg
07-63,写真 1.jpg
07-64,写真 1.jpg
07-65,写真 1.jpg
07-65,写真 2.jpg
07-66,写真 1.jpg
07-66,写真 2.jpg
07-67,写真 1.jpg
07-67,写真 2.jpg
07-68,写真 1.jpg
07-68,写真 2.jpg
07-68,写真 3.jpg
07-69,写真 1.jpg
07-69,写真 2.jpg
07-70,写真 1.jpg
07-70,写真 2.jpg
07-71,写真 1.jpg
07-71,写真 2.jpg
07-71,写真 3.jpg
07-71,写真 4.jpg
07-72,写真 1.jpg
07-72,写真 2.jpg
07-73,写真 1.jpg
07-74,写真 1.jpg
07-74,写真 2.jpg
07-74,写真 3.jpg
07-75,写真 1.jpg
07-75,写真 2.jpg
07-76,写真 1.jpg
07-76,写真 2.jpg
07-76,写真 3.jpg
07-77,写真 1.jpg
07-77,写真 2.jpg
07-78,写真 1.jpg
07-81,写真 1.jpg
08-01,写真 1.jpg
08-01,写真 2.jpg
08-02,写真 1.jpg
08-02,写真 2.jpg
08-02,写真 3.jpg
08-03,写真 1.jpg
08-03,写真 2.jpg
08-03,写真 3.jpg
08-04,写真 1.jpg
08-04,写真 2.jpg
08-04,写真 3.jpg
08-05,写真 1.jpg
08-05,写真 2.jpg
08-06,写真 1.jpg
08-06,写真 2.jpg
08-07,写真 1.jpg
08-08,写真 1.jpg
08-09,写真 1.jpg
09-01,写真 1.jpg
09-01,写真 2.jpg
09-01,写真 3.jpg
09-01,写真 4.jpg
09-02,写真 1.jpg
09-02,写真 2.jpg
09-03,写真 1.jpg
09-04,写真 1.jpg
09-04,写真 2.jpg
09-04,写真 3.jpg
09-04,写真 4.jpg
09-05,写真 1.jpg
09-05,写真 2.jpg
09-05,写真 3.jpg
09-05,写真 4.jpg
09-05,写真 5.jpg
10-01,写真 1.jpg
10-01,写真 2.jpg
10-01,写真 3.jpg
10-02,写真 1.jpg
10-02,写真 2.jpg
10-02,写真 3.jpg
10-03,写真 1.jpg
10-03,写真 2.jpg
10-03,写真 3.jpg
10-03,写真 4.jpg
10-04,写真 1.jpg
10-05,写真 1.jpg
10-05,写真 2.jpg
10-05,写真 4.jpg
10-05,写真 5.jpg
10-06,写真 1.jpg
10-06,写真 2.jpg
10-06,写真 3.jpg
10-07,写真 1.jpg
10-07,写真 2.jpg
10-08,写真 1.jpg
10-08,写真 2.jpg
10-09,写真 2.jpg
10-09,写真 3.jpg
10-09,写真 4.jpg
10-10,写真 1.jpg
10-10,写真 2.jpg
10-10,写真 3.jpg
10-11,写真 1.jpg
10-12,写真 1.jpg
10-12,写真 2.jpg
10-12,写真 3.jpg
10-12,写真 4.jpg
10-12,写真 5.jpg
10-13,写真 1.jpg
10-13,写真 2.jpg
10-14,写真 1.jpg
10-14,写真 2.jpg
10-14,写真 3.jpg
10-14,写真 4.jpg
10-14,写真 5.jpg
10-15,写真 1.jpg
10-15,写真 2.jpg
10-15,写真 3.jpg
10-15,写真 4.jpg
10-15,写真 5.jpg
10-15,写真 6.jpg
10-16,写真 1.jpg
10-16,写真 2.jpg
10-16,写真 3.jpg
10-16,写真 4.jpg
10-17,写真 1.jpg
10-17,写真 2.jpg
10-17,写真 3.jpg
10-17,写真 4.jpg
10-18,写真 1.jpg
10-18,写真 2.jpg
10-18,写真 3.jpg
10-19,写真 1.jpg
10-19,写真 2.jpg
10-19,写真 3.jpg
10-19,写真 4.jpg
11-01,写真 1.jpg
11-01,写真 2.jpg
11-01,写真 3.jpg
11-01,写真 4.jpg
11-01,写真 5.jpg
11-02,写真 1.jpg
11-02,写真 2.jpg
11-02,写真 3.jpg
11-02,写真 4.jpg
11-03,写真 1.jpg
11-03,写真 2.jpg
11-03,写真 3.jpg
11-03,写真 4.jpg
11-03,写真 5.jpg
11-03,写真 6.jpg
11-04,写真 1.jpg
11-05,写真 1.jpg
11-05,写真 2.jpg
11-05,写真 3.jpg
11-06,写真 1.jpg
11-06,写真 2.jpg
11-06,写真 3.jpg
11-06,写真 4.jpg
11-06,写真 5.jpg
11-06,写真 6.jpg
11-07,写真 1.jpg
11-07,写真 2.jpg
11-07,写真 3.jpg
11-07,写真 4.jpg
11-07,写真 5.jpg
11-08,写真 5.jpg
11-08,写真 6.jpg
11-08,写真 7.jpg
11-10,写真 1.jpg
11-10,写真 2.jpg
11-11,写真 1.jpg
11-11,写真 2.jpg
11-11,写真 3.jpg
11-11,写真 4.jpg
11-12,写真 1.jpg
11-12,写真 2.jpg
12-01,写真 1.jpg
12-01,写真 2.jpg
12-01,写真 3.jpg
12-02,写真 1.jpg
12-02,写真 2.jpg
12-02,写真 3.jpg
12-02,写真 4.jpg
12-02,写真 5.jpg
12-03,写真 1.jpg
12-03,写真 2.jpg
12-04,写真 2.jpg
12-05,写真 1.jpg
12-05,写真 2.jpg
12-05,写真 3.jpg
12-05,写真 4.jpg
12-06,写真 1.jpg
12-06,写真 2.jpg
12-06,写真 3.jpg
12-06,写真 4.jpg
12-07,写真 1.jpg
12-07,写真 2.jpg
12-07,写真 3.jpg
12-07,写真 4.jpg
12-07,写真 5.jpg
12-07,写真 6.jpg
12-08,写真 1.jpg
12-08,写真 2.jpg
12-08,写真 3.jpg
12-08,写真 4.jpg
12-09,写真 1.jpg
12-09,写真 2.jpg
12-10,写真 1.jpg
12-10,写真 2.jpg
12-10,写真 3.jpg
12-10,写真 4.jpg
12-10,写真 5.jpg
12-12,写真 1.jpg
12-12,写真 2.jpg
12-13,写真 1.jpg
12-13,写真 2.jpg
12-13,写真 3.jpg
13-01,写真 1.jpg
13-01,写真 2.jpg
13-02,写真 1.jpg
13-02,写真 2.jpg
13-03,写真 1.jpg
13-03,写真 2.jpg
13-03,写真 3.jpg
13-04,写真 1.jpg
13-04,写真 2.jpg
13-04,写真 3.jpg
13-04,写真 4.jpg
13-04,写真 5.jpg
13-05,写真 1.jpg
13-05,写真 2.jpg
13-06,写真 1.jpg
13-06,写真 2.jpg
13-06,写真 3.jpg
13-07,写真 1.jpg
13-07,写真 2.jpg
13-07,写真 3.jpg
13-07,写真 4.jpg
13-07,写真 5.jpg
13-07,写真 6.jpg
13-07,写真 7.jpg
13-08,IMG_2450.JPG
13-08,IMG_2451.JPG
13-09,写真 1.jpg
13-09,写真 2.jpg
13-09,写真 3.jpg
13-10,写真 1.jpg
13-10,写真 2.jpg
13-11,写真 1.jpg
13-11,写真 2.jpg
13-11,写真 3.jpg
13-13,写真 1.jpg
13-13,写真 2.jpg
13-14,写真 1.jpg
14-01,写真 1.jpg
14-01,写真 2.jpg
14-01,写真 3.jpg
14-01,写真 4.jpg
14-01,写真 5.jpg
14-01,写真 6.jpg
14-01,写真 7.jpg
14-01,写真 8.jpg
14-02,写真 1.jpg
14-02,写真 2.jpg
14-02,写真 3.jpg
14-02,写真 4.jpg
14-02,写真 5.jpg
14-03,写真 1.jpg
14-03,写真 2.jpg
14-03,写真 3.jpg
14-04,写真 1.jpg
14-04,写真 2.jpg
14-04,写真 3.jpg
14-04,写真 4.jpg
14-04,写真 5.jpg
14-04,写真 6.jpg
14-04,写真 7.jpg
14-04,写真 8.jpg
14-05,写真 1.jpg
14-05,写真 2.jpg
14-05,写真 3.jpg
14-05,写真 4.jpg
14-05,写真 5.jpg
14-06,写真 1.jpg
14-08,写真 1.jpg
14-08,写真 2.jpg
14-09,写真 1.jpg
14-09,写真 2.jpg
14-10,写真 1.jpg
14-10,写真 2.jpg
14-10,写真 3.jpg
14-10,写真 4.jpg
14-11,写真 1.jpg
14-11,写真 2.jpg
14-11,写真 3.jpg
14-13,写真 1.jpg
14-13,写真 2.jpg
14-14,写真 1.jpg
14-14,写真 2.jpg
14-14,写真 3.jpg
14-14,写真 4.jpg
15-01,写真 1.jpg
15-01,写真 2.jpg
15-02,写真 1.jpg
15-02,写真 2.jpg
15-02,写真 3.jpg
15-03,写真 1.jpg
15-08,写真 1.jpg
15-09,写真 1.jpg
15-09,写真 2.jpg
15-09,写真 3.jpg
15-10,写真 1.jpg
15-10,写真 2.jpg
15-11,写真 1.jpg
15-11,写真 2.jpg
15-11,写真 3.jpg
15-11,写真 4.jpg
15-12,写真 1.jpg
15-12,写真 2.jpg
15-13,写真 1.jpg
15-13,写真 2.jpg
15-13,写真 3.jpg
15-13,写真 4.jpg
15-14,写真 1.jpg
15-14,写真 2.jpg
15-14,写真 3.jpg
15-15,写真 1.jpg
15-15,写真 2.jpg
15-15,写真 3.jpg
15-15,写真 4.jpg
15-16,写真 1.jpg
15-16,写真 2.jpg
15-17,写真 1.jpg
15-17,写真 2.jpg
15-17,写真 3.jpg
15-17,写真 4.jpg
15-17,写真 5.jpg
15-17,写真 6.jpg
15-18,写真 1.jpg
15-18,写真 2.jpg
15-18,写真 3.jpg
15-18,写真 4.jpg
15-19,写真 1.jpg
15-19,写真 2.jpg
15-21,写真 1.jpg
15-21,写真 3.jpg
15-22,写真 1.jpg
15-23,上平川15-23_IMG_9029.jpg
15-23,上平川15-23_IMG_9030.jpg
15-23,上平川15-23_IMG_9031.jpg
15-23,上平川15-23_IMG_9033.jpg
15-23,上平川15-23_IMG_9034.jpg
15-24,写真 1.jpg
15-24,写真 2.jpg
15-24,写真 3.jpg
15-24,写真 4.jpg
15-27,上平川15-27_IMG_9020.jpg
15-28,上平川15-28_IMG_9016.jpg
15-28,上平川15-28_IMG_9019.jpg
15-30,上平川15-30_IMG_9021.jpg
15-30,上平川15-30_IMG_9022.jpg
15-31,上平川15-25_IMG_9028.jpg
16-01,写真 1.jpg
16-01,写真 2.jpg
16-01,写真 3.jpg
16-01,写真 4.jpg
16-01,写真 5.jpg
16-01,写真 6.jpg
16-02,写真 1.jpg
16-02,写真 10.jpg
16-02,写真 11.jpg
16-02,写真 12.jpg
16-02,写真 13.jpg
16-02,写真 14.jpg
16-02,写真 15.jpg
16-02,写真 16.jpg
16-02,写真 17.jpg
16-02,写真 18.jpg
16-02,写真 19.jpg
16-02,写真 2.jpg
16-02,写真 20.jpg
16-02,写真 21.jpg
16-02,写真 22.jpg
16-02,写真 23.jpg
16-02,写真 24.jpg
16-02,写真 25.jpg
16-02,写真 26.jpg
16-02,写真 27.jpg
16-02,写真 28.jpg
16-02,写真 29.jpg
16-02,写真 3.jpg
16-02,写真 30.jpg
16-02,写真 31.jpg
16-02,写真 32.jpg
16-02,写真 33.jpg
16-02,写真 34.jpg
16-02,写真 35.jpg
16-02,写真 36.jpg
16-02,写真 37.jpg
16-02,写真 38.jpg
16-02,写真 39.jpg
16-02,写真 4.jpg
16-02,写真 5.jpg
16-02,写真 6.jpg
16-02,写真 7.jpg
16-02,写真 8.jpg
16-02,写真 9.jpg
17-01,写真 1.jpg
17-01,写真 2.jpg
17-01,写真 3.jpg
17-02,写真 1.jpg
17-02,写真 2.jpg
17-02,写真 3.jpg
17-02,写真 4.jpg
17-02,写真 5.jpg
17-03,写真 1.jpg
17-03,写真 2.jpg
17-04,写真 1.jpg
17-04,写真 2.jpg
17-04,写真 3.jpg
17-04,写真 4.jpg
17-04,写真 5.jpg
17-04,写真 6.jpg
17-04,写真 7.jpg
18-01,写真 1.jpg
18-02,写真 1.jpg
18-02,写真 2.jpg
18-03,写真 1.jpg
18-03,写真 3.jpg
18-03,写真 4.jpg
18-03,写真 5.jpg
18-03,写真 6.jpg
18-03,写真 7.jpg
18-04,写真 1.jpg
18-04,写真 2.jpg
18-04,写真 3.jpg
18-04,写真 4.jpg
18-04,写真 5.jpg
18-05,写真 1.jpg
18-05,写真 2.jpg
18-05,写真 3.jpg
18-05,写真 4.jpg
18-05,写真 5.jpg
18-06,写真 1.jpg
18-06,写真 2.jpg
18-06,写真 3.jpg
18-06,写真 4.jpg
18-07,写真 1.jpg
18-07,写真 2.jpg
18-07,写真 3.jpg
18-07,写真 4.jpg
18-07,写真 5.jpg
18-07,写真 6.jpg
18-07,写真 7.jpg
18-07,写真 8.jpg
18-08,写真 1.jpg
18-08,写真 2.jpg
18-09,写真 1.jpg
18-09,写真 2.jpg
18-09,写真 3.jpg
18-09,写真 4.jpg
18-10,写真 1.jpg
18-10,写真 2.jpg
18-10,写真 3.jpg
18-10,写真 4.jpg
18-11,写真 1.jpg
18-11,写真 2.jpg
18-11,写真 3.jpg
18-12,写真 1.jpg
18-13,写真 1.jpg
19-01,写真 1.jpg
19-01,写真 2.jpg
19-02,写真 1.jpg
19-02,写真 2.jpg
19-02,写真 3.jpg
19-03,写真 1.jpg
19-03,写真 2.jpg
19-03,写真 3.jpg
19-04,写真 1.jpg
19-04,写真 2.jpg
19-04,写真 3.jpg
19-04,写真 4.jpg
19-04,写真 5.jpg
19-05,写真 1.jpg
19-05,写真 2.jpg
19-06,写真 1.jpg
19-06,写真 2.jpg
19-06,写真 3.jpg
19-06,写真 4.jpg
19-07,写真 1.jpg
19-07,写真 2.jpg
19-07,写真 3.jpg
19-07,写真 4.jpg
19-08,写真 1.jpg
19-09,写真 1.jpg
19-10,写真 1.jpg
19-11,写真 1.jpg
19-11,写真 2.jpg
19-12,写真 1.jpg
19-12,写真 2.jpg
19-13,写真 1.jpg
19-13,写真 2.jpg
19-13,写真 3.jpg
19-14,写真 1.jpg
19-14,写真 2.jpg
19-14,写真 3.jpg
19-15,写真 1.jpg
19-15,写真 2.jpg
19-15,写真 3.jpg
19-15,写真 4.jpg
19-15,写真 5.jpg
19-18,写真 1.jpg
19-18,写真 2.jpg
19-18,写真 3.jpg
19-18,写真 4.jpg
19-18,写真 5.jpg
19-19,写真 1.jpg
19-19,写真 2.jpg
19-19,写真 3.jpg
19-19,写真 4.jpg
19-19,写真 5.jpg
19-20,写真 1.jpg
19-20,写真 2.jpg
19-20,写真 3.jpg
19-20,写真 4.jpg
20-01,20-1-1.png
20-01,20-1-2.png
20-01,20-1-3.png
20-01,20-1-4.png
20-02,20-2-1.png
20-02,20-2-2.png
20-02,20-2-3.png
20-02,20-2-4.png
20-02,20-2-5.png
20-03,20-3-1.png
20-03,20-3-2.png
20-03,20-3-3.png
20-05,20-5-1.png
20-05,20-5-2.png
20-07,20-7-1.png
20-07,20-7-2.png
20-08,20-8-1.png
20-08,20-8-2.png
20-09,20-9-1.png
20-09,20-9-2.png
20-09,20-9-3.png
20-10,瀬利覚20-10_IMG_8491.jpg
20-10,瀬利覚20-10_IMG_8492.jpg
20-11,20-11-1.png
20-11,20-11-2.png
20-11,20-11-3.png
20-11,20-11-4.png
20-12,20-12-1.png
20-12,20-12-2.png
20-13,20-13-1.png
20-13,20-13-2.png
20-13,20-13-3.png
20-14,20-14-1.png
20-14,20-14-2.png
20-14,20-14-3.png
20-15,20-15-1.png
20-16,20-16-1.png
20-16,20-16-2.png
20-16,20-16-3.png
20-16,20-16-4.png
20-17,20-17-1.png
20-18,20-18-1.png
20-18,20-18-2.png
20-19,20-19-1.png
20-19,20-19-2.png
20-20,20-20-1.png
20-20,20-20-2.png
20-20,20-20-3.png
20-20,20-20-4.png
20-21,20-21-1.png
20-21,20-21-2.png
20-21,20-21-3.png
20-23,20-23-1.png
20-24,20-24-1.png
20-24,20-24-2.png
20-24,20-24-3.png
20-25,20-25-1.png
20-25,20-25-2.png
20-26,20-26-1.png
20-31,20-31-1.png
20-31,20-31-2.png
20-32,20-32-1.png
20-32,20-32-2.png
20-32,20-32-3.png
20-33,写真 1.jpg
20-33,写真 2.jpg
20-35,20-35-1.png
20-35,20-35-2.png
20-35,20-35-3.png
20-35,20-35-4.png
20-35,20-35-5.png
20-40,写真 2.jpg
21-01,小米21-1_IMG_8661.jpg
21-02,写真 1.jpg
21-03,写真 1.jpg
21-03,写真 2.jpg
21-03,写真 3.jpg
21-03,写真 4.jpg
21-04,写真 1.jpg
21-04,写真 2.jpg
21-04,写真 3.jpg
21-05,写真 1.jpg
21-05,写真 2.jpg
21-06,写真 1.jpg
21-06,写真 2.jpg
21-07,写真 1.jpg
21-08,21-8-1.png
21-08,21-8-2.png
21-08,21-8-3.png
21-11,21-11-1.png
21-11,21-11-2.png
21-11,21-11-3.png
21-11,21-11-4.png
21-11,21-11-5.png
21-12,21-12-1.png
21-12,21-12-2.png
21-12,21-12-3.png
21-12,21-12-4.png
21-12,21-12-5.png
21-12,21-12-6.png
21-12,21-12-7.png
21-14,21-14-1.png
21-14,21-14-2.png
21-14,21-14-3.png
21-15,21-15-1.png
21-15,21-15-2.png
21-16,21-16-1.png
21-16,21-16-2.png
